{
    "counter": {
        "ACTIVE": 270351,
        "INACTIVE": 7,
        "INVALID": 0,
        "MALICIOUS": 0,
        "SANE": 0,
        "VALID": 0,
        "total": 270358
    },
    "percentage": {
        "ACTIVE": 99.99741084044119,
        "INACTIVE": 0.002589159558807211,
        "INVALID": 0.0,
        "MALICIOUS": 0.0,
        "SANE": 0.0,
        "VALID": 0.0,
        "total": 100.0
    }
}