{
    "counter": {
        "ACTIVE": 431670,
        "INACTIVE": 7,
        "INVALID": 0,
        "MALICIOUS": 0,
        "SANE": 0,
        "VALID": 0,
        "total": 431677
    },
    "percentage": {
        "ACTIVE": 99.9983784171962,
        "INACTIVE": 0.0016215828038093297,
        "INVALID": 0.0,
        "MALICIOUS": 0.0,
        "SANE": 0.0,
        "VALID": 0.0,
        "total": 100.0
    }
}