{
    "counter": {
        "ACTIVE": 1072,
        "INACTIVE": 2,
        "INVALID": 0,
        "MALICIOUS": 0,
        "SANE": 0,
        "VALID": 0,
        "total": 1074
    },
    "percentage": {
        "ACTIVE": 99.81378026070763,
        "INACTIVE": 0.2962962962962963,
        "INVALID": 0,
        "MALICIOUS": 0,
        "SANE": 0,
        "VALID": 0,
        "total": 100.11007655700392
    }
}