{
    "counter": {
        "ACTIVE": 257293,
        "INACTIVE": 7,
        "INVALID": 0,
        "MALICIOUS": 0,
        "SANE": 0,
        "VALID": 0,
        "total": 257300
    },
    "percentage": {
        "ACTIVE": 99.99727944034201,
        "INACTIVE": 0.0027205596579867857,
        "INVALID": 0.0,
        "MALICIOUS": 0.0,
        "SANE": 0.0,
        "VALID": 0.0,
        "total": 100.0
    }
}