{
    "counter": {
        "ACTIVE": 268254,
        "INACTIVE": 7,
        "INVALID": 0,
        "MALICIOUS": 0,
        "SANE": 0,
        "VALID": 0,
        "total": 268261
    },
    "percentage": {
        "ACTIVE": 99.9973906009446,
        "INACTIVE": 0.002609399055397542,
        "INVALID": 0.0,
        "MALICIOUS": 0.0,
        "SANE": 0.0,
        "VALID": 0.0,
        "total": 100.0
    }
}