{
    "counter": {
        "ACTIVE": 439967,
        "INACTIVE": 7,
        "INVALID": 0,
        "MALICIOUS": 0,
        "SANE": 0,
        "VALID": 0,
        "total": 439974
    },
    "percentage": {
        "ACTIVE": 99.99840899689526,
        "INACTIVE": 0.0015910031047289158,
        "INVALID": 0.0,
        "MALICIOUS": 0.0,
        "SANE": 0.0,
        "VALID": 0.0,
        "total": 100.0
    }
}