{
    "counter": {
        "ACTIVE": 433482,
        "INACTIVE": 7,
        "INVALID": 0,
        "MALICIOUS": 0,
        "SANE": 0,
        "VALID": 0,
        "total": 433489
    },
    "percentage": {
        "ACTIVE": 99.99838519547208,
        "INACTIVE": 0.0016148045279118963,
        "INVALID": 0.0,
        "MALICIOUS": 0.0,
        "SANE": 0.0,
        "VALID": 0.0,
        "total": 100.0
    }
}