{
    "counter": {
        "ACTIVE": 427082,
        "INACTIVE": 7,
        "INVALID": 0,
        "MALICIOUS": 0,
        "SANE": 0,
        "VALID": 0,
        "total": 427089
    },
    "percentage": {
        "ACTIVE": 99.99836099735653,
        "INACTIVE": 0.0016390026434771206,
        "INVALID": 0.0,
        "MALICIOUS": 0.0,
        "SANE": 0.0,
        "VALID": 0.0,
        "total": 100.0
    }
}