{
    "counter": {
        "ACTIVE": 249911,
        "INACTIVE": 7,
        "INVALID": 0,
        "MALICIOUS": 0,
        "SANE": 0,
        "VALID": 0,
        "total": 249918
    },
    "percentage": {
        "ACTIVE": 99.99719908129866,
        "INACTIVE": 0.0028009187013340376,
        "INVALID": 0.0,
        "MALICIOUS": 0.0,
        "SANE": 0.0,
        "VALID": 0.0,
        "total": 100.0
    }
}