{
    "counter": {
        "ACTIVE": 1184,
        "INACTIVE": 2,
        "INVALID": 0,
        "MALICIOUS": 0,
        "SANE": 0,
        "VALID": 0,
        "total": 1186
    },
    "percentage": {
        "ACTIVE": 99.83136593591905,
        "INACTIVE": 0.322061191626409,
        "INVALID": 0,
        "MALICIOUS": 0,
        "SANE": 0,
        "VALID": 0,
        "total": 100.15342712754546
    }
}