{
    "counter": {
        "ACTIVE": 411434,
        "INACTIVE": 7,
        "INVALID": 0,
        "MALICIOUS": 0,
        "SANE": 0,
        "VALID": 0,
        "total": 411441
    },
    "percentage": {
        "ACTIVE": 99.99829866250568,
        "INACTIVE": 0.001701337494318748,
        "INVALID": 0.0,
        "MALICIOUS": 0.0,
        "SANE": 0.0,
        "VALID": 0.0,
        "total": 100.0
    }
}