{
    "counter": {
        "ACTIVE": 302490,
        "INACTIVE": 7,
        "INVALID": 0,
        "MALICIOUS": 0,
        "SANE": 0,
        "VALID": 0,
        "total": 302497
    },
    "percentage": {
        "ACTIVE": 99.99768592746375,
        "INACTIVE": 0.0023140725362565577,
        "INVALID": 0.0,
        "MALICIOUS": 0.0,
        "SANE": 0.0,
        "VALID": 0.0,
        "total": 100.0
    }
}