{
    "counter": {
        "ACTIVE": 177807,
        "INACTIVE": 7,
        "INVALID": 0,
        "MALICIOUS": 0,
        "SANE": 0,
        "VALID": 0,
        "total": 177814
    },
    "percentage": {
        "ACTIVE": 99.9960633021022,
        "INACTIVE": 0.003936697897803322,
        "INVALID": 0.0,
        "MALICIOUS": 0.0,
        "SANE": 0.0,
        "VALID": 0.0,
        "total": 100.0
    }
}