{
    "counter": {
        "ACTIVE": 376167,
        "INACTIVE": 7,
        "INVALID": 0,
        "MALICIOUS": 0,
        "SANE": 0,
        "VALID": 0,
        "total": 376174
    },
    "percentage": {
        "ACTIVE": 99.9981391590062,
        "INACTIVE": 0.0018608409937954245,
        "INVALID": 0.0,
        "MALICIOUS": 0.0,
        "SANE": 0.0,
        "VALID": 0.0,
        "total": 100.0
    }
}