{
    "counter": {
        "ACTIVE": 1340,
        "INACTIVE": 1,
        "INVALID": 0,
        "MALICIOUS": 0,
        "SANE": 0,
        "VALID": 0,
        "total": 1341
    },
    "percentage": {
        "ACTIVE": 99.92542878448918,
        "INACTIVE": 0.08539709649871904,
        "INVALID": 0,
        "MALICIOUS": 0,
        "SANE": 0,
        "VALID": 0,
        "total": 100.01082588098791
    }
}