{
    "counter": {
        "ACTIVE": 217180,
        "INACTIVE": 7,
        "INVALID": 0,
        "MALICIOUS": 0,
        "SANE": 0,
        "VALID": 0,
        "total": 217187
    },
    "percentage": {
        "ACTIVE": 99.99677697099735,
        "INACTIVE": 0.0032230290026566966,
        "INVALID": 0.0,
        "MALICIOUS": 0.0,
        "SANE": 0.0,
        "VALID": 0.0,
        "total": 100.0
    }
}