{
    "counter": {
        "ACTIVE": 381757,
        "INACTIVE": 7,
        "INVALID": 0,
        "MALICIOUS": 0,
        "SANE": 0,
        "VALID": 0,
        "total": 381764
    },
    "percentage": {
        "ACTIVE": 99.99816640647101,
        "INACTIVE": 0.0018335935289864943,
        "INVALID": 0.0,
        "MALICIOUS": 0.0,
        "SANE": 0.0,
        "VALID": 0.0,
        "total": 100.0
    }
}