{
    "counter": {
        "ACTIVE": 365544,
        "INACTIVE": 7,
        "INVALID": 0,
        "MALICIOUS": 0,
        "SANE": 0,
        "VALID": 0,
        "total": 365551
    },
    "percentage": {
        "ACTIVE": 99.99808508251927,
        "INACTIVE": 0.0019149174807345623,
        "INVALID": 0.0,
        "MALICIOUS": 0.0,
        "SANE": 0.0,
        "VALID": 0.0,
        "total": 100.0
    }
}