{
    "counter": {
        "ACTIVE": 359219,
        "INACTIVE": 7,
        "INVALID": 0,
        "MALICIOUS": 0,
        "SANE": 0,
        "VALID": 0,
        "total": 359226
    },
    "percentage": {
        "ACTIVE": 99.99805136599244,
        "INACTIVE": 0.0019486340075607,
        "INVALID": 0.0,
        "MALICIOUS": 0.0,
        "SANE": 0.0,
        "VALID": 0.0,
        "total": 100.0
    }
}