{
    "counter": {
        "ACTIVE": 1174,
        "INACTIVE": 2,
        "INVALID": 0,
        "MALICIOUS": 0,
        "SANE": 0,
        "VALID": 0,
        "total": 1176
    },
    "percentage": {
        "ACTIVE": 99.82993197278911,
        "INACTIVE": 0.2820874471086037,
        "INVALID": 0,
        "MALICIOUS": 0,
        "SANE": 0,
        "VALID": 0,
        "total": 100.11201941989772
    }
}