{
    "counter": {
        "ACTIVE": 336037,
        "INACTIVE": 7,
        "INVALID": 0,
        "MALICIOUS": 0,
        "SANE": 0,
        "VALID": 0,
        "total": 336044
    },
    "percentage": {
        "ACTIVE": 99.9979169394484,
        "INACTIVE": 0.002083060551594434,
        "INVALID": 0.0,
        "MALICIOUS": 0.0,
        "SANE": 0.0,
        "VALID": 0.0,
        "total": 100.0
    }
}