{
    "counter": {
        "ACTIVE": 435910,
        "INACTIVE": 7,
        "INVALID": 0,
        "MALICIOUS": 0,
        "SANE": 0,
        "VALID": 0,
        "total": 435917
    },
    "percentage": {
        "ACTIVE": 99.9983941897196,
        "INACTIVE": 0.0016058102803974152,
        "INVALID": 0.0,
        "MALICIOUS": 0.0,
        "SANE": 0.0,
        "VALID": 0.0,
        "total": 100.0
    }
}