{
    "counter": {
        "ACTIVE": 117237,
        "INACTIVE": 7,
        "INVALID": 0,
        "MALICIOUS": 0,
        "SANE": 0,
        "VALID": 0,
        "total": 117244
    },
    "percentage": {
        "ACTIVE": 99.99402954522193,
        "INACTIVE": 0.005970454778069667,
        "INVALID": 0.0,
        "MALICIOUS": 0.0,
        "SANE": 0.0,
        "VALID": 0.0,
        "total": 100.0
    }
}