{
    "counter": {
        "ACTIVE": 292635,
        "INACTIVE": 7,
        "INVALID": 0,
        "MALICIOUS": 0,
        "SANE": 0,
        "VALID": 0,
        "total": 292642
    },
    "percentage": {
        "ACTIVE": 99.99760799885183,
        "INACTIVE": 0.002392001148160551,
        "INVALID": 0.0,
        "MALICIOUS": 0.0,
        "SANE": 0.0,
        "VALID": 0.0,
        "total": 100.0
    }
}