{
    "counter": {
        "ACTIVE": 307843,
        "INACTIVE": 7,
        "INVALID": 0,
        "MALICIOUS": 0,
        "SANE": 0,
        "VALID": 0,
        "total": 307850
    },
    "percentage": {
        "ACTIVE": 99.99772616534027,
        "INACTIVE": 0.0022738346597368847,
        "INVALID": 0.0,
        "MALICIOUS": 0.0,
        "SANE": 0.0,
        "VALID": 0.0,
        "total": 100.0
    }
}