{
    "counter": {
        "ACTIVE": 1180,
        "INACTIVE": 2,
        "INVALID": 0,
        "MALICIOUS": 0,
        "SANE": 0,
        "VALID": 0,
        "total": 1182
    },
    "percentage": {
        "ACTIVE": 99.83079526226734,
        "INACTIVE": 0.3007518796992481,
        "INVALID": 0,
        "MALICIOUS": 0,
        "SANE": 0,
        "VALID": 0,
        "total": 100.13154714196659
    }
}