{
    "counter": {
        "ACTIVE": 949,
        "INACTIVE": 7,
        "INVALID": 0,
        "MALICIOUS": 0,
        "SANE": 0,
        "VALID": 0,
        "total": 956
    },
    "percentage": {
        "ACTIVE": 99.26778242677824,
        "INACTIVE": 0.7337526205450734,
        "INVALID": 0,
        "MALICIOUS": 0,
        "SANE": 0,
        "VALID": 0,
        "total": 100.00153504732332
    }
}