{
    "counter": {
        "ACTIVE": 145628,
        "INACTIVE": 7,
        "INVALID": 0,
        "MALICIOUS": 0,
        "SANE": 0,
        "VALID": 0,
        "total": 145635
    },
    "percentage": {
        "ACTIVE": 99.99519346310983,
        "INACTIVE": 0.004806536890170632,
        "INVALID": 0.0,
        "MALICIOUS": 0.0,
        "SANE": 0.0,
        "VALID": 0.0,
        "total": 100.0
    }
}