{
    "counter": {
        "ACTIVE": 347499,
        "INACTIVE": 7,
        "INVALID": 0,
        "MALICIOUS": 0,
        "SANE": 0,
        "VALID": 0,
        "total": 347506
    },
    "percentage": {
        "ACTIVE": 99.997985646291,
        "INACTIVE": 0.002014353709000708,
        "INVALID": 0.0,
        "MALICIOUS": 0.0,
        "SANE": 0.0,
        "VALID": 0.0,
        "total": 100.0
    }
}