{
    "counter": {
        "ACTIVE": 100768,
        "INACTIVE": 5,
        "INVALID": 0,
        "MALICIOUS": 0,
        "SANE": 0,
        "VALID": 0,
        "total": 100773
    },
    "percentage": {
        "ACTIVE": 99.99503835352724,
        "INACTIVE": 0.004961646472765522,
        "INVALID": 0.0,
        "MALICIOUS": 0.0,
        "SANE": 0.0,
        "VALID": 0.0,
        "total": 100.0
    }
}