{
    "counter": {
        "ACTIVE": 272640,
        "INACTIVE": 7,
        "INVALID": 0,
        "MALICIOUS": 0,
        "SANE": 0,
        "VALID": 0,
        "total": 272647
    },
    "percentage": {
        "ACTIVE": 99.99743257765536,
        "INACTIVE": 0.00256742234464344,
        "INVALID": 0.0,
        "MALICIOUS": 0.0,
        "SANE": 0.0,
        "VALID": 0.0,
        "total": 100.0
    }
}