{
    "counter": {
        "ACTIVE": 1322,
        "INACTIVE": 1,
        "INVALID": 0,
        "MALICIOUS": 0,
        "SANE": 0,
        "VALID": 0,
        "total": 1323
    },
    "percentage": {
        "ACTIVE": 99.92441421012849,
        "INACTIVE": 0.08032128514056225,
        "INVALID": 0,
        "MALICIOUS": 0,
        "SANE": 0,
        "VALID": 0,
        "total": 100.00473549526905
    }
}