{
    "counter": {
        "ACTIVE": 434898,
        "INACTIVE": 7,
        "INVALID": 0,
        "MALICIOUS": 0,
        "SANE": 0,
        "VALID": 0,
        "total": 434905
    },
    "percentage": {
        "ACTIVE": 99.99839045308745,
        "INACTIVE": 0.001609546912544119,
        "INVALID": 0.0,
        "MALICIOUS": 0.0,
        "SANE": 0.0,
        "VALID": 0.0,
        "total": 100.0
    }
}