{
    "counter": {
        "ACTIVE": 708,
        "INACTIVE": 3,
        "INVALID": 0,
        "MALICIOUS": 0,
        "SANE": 0,
        "VALID": 0,
        "total": 711
    },
    "percentage": {
        "ACTIVE": 99.57805907172995,
        "INACTIVE": 0.4437869822485207,
        "INVALID": 0,
        "MALICIOUS": 0,
        "SANE": 0,
        "VALID": 0,
        "total": 100.02184605397848
    }
}