{
    "counter": {
        "ACTIVE": 387046,
        "INACTIVE": 7,
        "INVALID": 0,
        "MALICIOUS": 0,
        "SANE": 0,
        "VALID": 0,
        "total": 387053
    },
    "percentage": {
        "ACTIVE": 99.99819146215118,
        "INACTIVE": 0.0018085378488217375,
        "INVALID": 0.0,
        "MALICIOUS": 0.0,
        "SANE": 0.0,
        "VALID": 0.0,
        "total": 100.0
    }
}