{
    "counter": {
        "ACTIVE": 360520,
        "INACTIVE": 7,
        "INVALID": 0,
        "MALICIOUS": 0,
        "SANE": 0,
        "VALID": 0,
        "total": 360527
    },
    "percentage": {
        "ACTIVE": 99.99805839784537,
        "INACTIVE": 0.0019416021546236483,
        "INVALID": 0.0,
        "MALICIOUS": 0.0,
        "SANE": 0.0,
        "VALID": 0.0,
        "total": 100.0
    }
}