{
    "counter": {
        "ACTIVE": 1172,
        "INACTIVE": 1,
        "INVALID": 0,
        "MALICIOUS": 0,
        "SANE": 0,
        "VALID": 0,
        "total": 1173
    },
    "percentage": {
        "ACTIVE": 99.9147485080989,
        "INACTIVE": 0.11441647597254005,
        "INVALID": 0,
        "MALICIOUS": 0,
        "SANE": 0,
        "VALID": 0,
        "total": 100.02916498407144
    }
}