{
    "counter": {
        "ACTIVE": 810,
        "INACTIVE": 1,
        "INVALID": 0,
        "MALICIOUS": 0,
        "SANE": 0,
        "VALID": 0,
        "total": 811
    },
    "percentage": {
        "ACTIVE": 99.8766954377312,
        "INACTIVE": 0.37735849056603776,
        "INVALID": 0,
        "MALICIOUS": 0,
        "SANE": 0,
        "VALID": 0,
        "total": 100.25405392829724
    }
}