{
    "counter": {
        "ACTIVE": 382190,
        "INACTIVE": 7,
        "INVALID": 0,
        "MALICIOUS": 0,
        "SANE": 0,
        "VALID": 0,
        "total": 382197
    },
    "percentage": {
        "ACTIVE": 99.99816848379238,
        "INACTIVE": 0.0018315162076102114,
        "INVALID": 0.0,
        "MALICIOUS": 0.0,
        "SANE": 0.0,
        "VALID": 0.0,
        "total": 100.0
    }
}