{
    "counter": {
        "ACTIVE": 351172,
        "INACTIVE": 7,
        "INVALID": 0,
        "MALICIOUS": 0,
        "SANE": 0,
        "VALID": 0,
        "total": 351179
    },
    "percentage": {
        "ACTIVE": 99.99800671452451,
        "INACTIVE": 0.00199328547549825,
        "INVALID": 0.0,
        "MALICIOUS": 0.0,
        "SANE": 0.0,
        "VALID": 0.0,
        "total": 100.0
    }
}