{
    "counter": {
        "ACTIVE": 352941,
        "INACTIVE": 7,
        "INVALID": 0,
        "MALICIOUS": 0,
        "SANE": 0,
        "VALID": 0,
        "total": 352948
    },
    "percentage": {
        "ACTIVE": 99.99801670501037,
        "INACTIVE": 0.0019832949896302003,
        "INVALID": 0.0,
        "MALICIOUS": 0.0,
        "SANE": 0.0,
        "VALID": 0.0,
        "total": 100.0
    }
}