{
    "counter": {
        "ACTIVE": 163037,
        "INACTIVE": 7,
        "INVALID": 0,
        "MALICIOUS": 0,
        "SANE": 0,
        "VALID": 0,
        "total": 163044
    },
    "percentage": {
        "ACTIVE": 99.99570668040529,
        "INACTIVE": 0.00429331959471063,
        "INVALID": 0.0,
        "MALICIOUS": 0.0,
        "SANE": 0.0,
        "VALID": 0.0,
        "total": 100.0
    }
}