{
    "counter": {
        "ACTIVE": 1230,
        "INACTIVE": 3,
        "INVALID": 0,
        "MALICIOUS": 0,
        "SANE": 0,
        "VALID": 0,
        "total": 1233
    },
    "percentage": {
        "ACTIVE": 99.7566909975669,
        "INACTIVE": 0.2506265664160401,
        "INVALID": 0,
        "MALICIOUS": 0,
        "SANE": 0,
        "VALID": 0,
        "total": 100.00731756398295
    }
}