{
    "counter": {
        "ACTIVE": 1273,
        "INACTIVE": 2,
        "INVALID": 0,
        "MALICIOUS": 0,
        "SANE": 0,
        "VALID": 0,
        "total": 1275
    },
    "percentage": {
        "ACTIVE": 99.84313725490196,
        "INACTIVE": 0.4444444444444444,
        "INVALID": 0,
        "MALICIOUS": 0,
        "SANE": 0,
        "VALID": 0,
        "total": 100.2875816993464
    }
}