{
    "counter": {
        "ACTIVE": 377135,
        "INACTIVE": 7,
        "INVALID": 0,
        "MALICIOUS": 0,
        "SANE": 0,
        "VALID": 0,
        "total": 377142
    },
    "percentage": {
        "ACTIVE": 99.9981439351756,
        "INACTIVE": 0.0018560648243897524,
        "INVALID": 0.0,
        "MALICIOUS": 0.0,
        "SANE": 0.0,
        "VALID": 0.0,
        "total": 100.0
    }
}