{
    "counter": {
        "ACTIVE": 451604,
        "INACTIVE": 7,
        "INVALID": 0,
        "MALICIOUS": 0,
        "SANE": 0,
        "VALID": 0,
        "total": 451611
    },
    "percentage": {
        "ACTIVE": 99.99844999346783,
        "INACTIVE": 0.0015500065321703855,
        "INVALID": 0.0,
        "MALICIOUS": 0.0,
        "SANE": 0.0,
        "VALID": 0.0,
        "total": 100.0
    }
}