{
    "counter": {
        "ACTIVE": 390887,
        "INACTIVE": 7,
        "INVALID": 0,
        "MALICIOUS": 0,
        "SANE": 0,
        "VALID": 0,
        "total": 390894
    },
    "percentage": {
        "ACTIVE": 99.99820923319365,
        "INACTIVE": 0.0017907668063464775,
        "INVALID": 0.0,
        "MALICIOUS": 0.0,
        "SANE": 0.0,
        "VALID": 0.0,
        "total": 100.0
    }
}