{
    "counter": {
        "ACTIVE": 1126,
        "INACTIVE": 2,
        "INVALID": 0,
        "MALICIOUS": 0,
        "SANE": 0,
        "VALID": 0,
        "total": 1128
    },
    "percentage": {
        "ACTIVE": 99.822695035461,
        "INACTIVE": 0.18298261665141813,
        "INVALID": 0,
        "MALICIOUS": 0,
        "SANE": 0,
        "VALID": 0,
        "total": 100.00567765211241
    }
}