{
    "counter": {
        "ACTIVE": 703,
        "INACTIVE": 1,
        "INVALID": 0,
        "MALICIOUS": 0,
        "SANE": 0,
        "VALID": 0,
        "total": 704
    },
    "percentage": {
        "ACTIVE": 99.85795454545455,
        "INACTIVE": 0.28901734104046245,
        "INVALID": 0,
        "MALICIOUS": 0,
        "SANE": 0,
        "VALID": 0,
        "total": 100.14697188649501
    }
}