{
    "counter": {
        "ACTIVE": 178449,
        "INACTIVE": 7,
        "INVALID": 0,
        "MALICIOUS": 0,
        "SANE": 0,
        "VALID": 0,
        "total": 178456
    },
    "percentage": {
        "ACTIVE": 99.99607746447303,
        "INACTIVE": 0.00392253552696463,
        "INVALID": 0.0,
        "MALICIOUS": 0.0,
        "SANE": 0.0,
        "VALID": 0.0,
        "total": 100.0
    }
}