{
    "counter": {
        "ACTIVE": 181137,
        "INACTIVE": 7,
        "INVALID": 0,
        "MALICIOUS": 0,
        "SANE": 0,
        "VALID": 0,
        "total": 181144
    },
    "percentage": {
        "ACTIVE": 99.99613567106832,
        "INACTIVE": 0.0038643289316786645,
        "INVALID": 0.0,
        "MALICIOUS": 0.0,
        "SANE": 0.0,
        "VALID": 0.0,
        "total": 100.0
    }
}