{
    "counter": {
        "ACTIVE": 411619,
        "INACTIVE": 7,
        "INVALID": 0,
        "MALICIOUS": 0,
        "SANE": 0,
        "VALID": 0,
        "total": 411626
    },
    "percentage": {
        "ACTIVE": 99.99829942714989,
        "INACTIVE": 0.001700572850111509,
        "INVALID": 0.0,
        "MALICIOUS": 0.0,
        "SANE": 0.0,
        "VALID": 0.0,
        "total": 100.0
    }
}