{
    "counter": {
        "ACTIVE": 91689,
        "INACTIVE": 4,
        "INVALID": 0,
        "MALICIOUS": 0,
        "SANE": 0,
        "VALID": 0,
        "total": 91693
    },
    "percentage": {
        "ACTIVE": 99.99563761683008,
        "INACTIVE": 0.004362383169925731,
        "INVALID": 0.0,
        "MALICIOUS": 0.0,
        "SANE": 0.0,
        "VALID": 0.0,
        "total": 100.0
    }
}