{
    "counter": {
        "ACTIVE": 422926,
        "INACTIVE": 7,
        "INVALID": 0,
        "MALICIOUS": 0,
        "SANE": 0,
        "VALID": 0,
        "total": 422933
    },
    "percentage": {
        "ACTIVE": 99.99834489150764,
        "INACTIVE": 0.0016551084923616744,
        "INVALID": 0.0,
        "MALICIOUS": 0.0,
        "SANE": 0.0,
        "VALID": 0.0,
        "total": 100.0
    }
}