{
    "counter": {
        "ACTIVE": 189007,
        "INACTIVE": 8,
        "INVALID": 0,
        "MALICIOUS": 0,
        "SANE": 0,
        "VALID": 0,
        "total": 189015
    },
    "percentage": {
        "ACTIVE": 99.99576753167737,
        "INACTIVE": 0.004232468322619898,
        "INVALID": 0.0,
        "MALICIOUS": 0.0,
        "SANE": 0.0,
        "VALID": 0.0,
        "total": 100.0
    }
}