{
    "counter": {
        "ACTIVE": 444794,
        "INACTIVE": 7,
        "INVALID": 0,
        "MALICIOUS": 0,
        "SANE": 0,
        "VALID": 0,
        "total": 444801
    },
    "percentage": {
        "ACTIVE": 99.99842626253088,
        "INACTIVE": 0.001573737469115402,
        "INVALID": 0.0,
        "MALICIOUS": 0.0,
        "SANE": 0.0,
        "VALID": 0.0,
        "total": 100.0
    }
}