{
    "counter": {
        "ACTIVE": 68241,
        "INACTIVE": 4,
        "INVALID": 0,
        "MALICIOUS": 0,
        "SANE": 0,
        "VALID": 0,
        "total": 68245
    },
    "percentage": {
        "ACTIVE": 99.99413876474468,
        "INACTIVE": 0.005861235255330061,
        "INVALID": 0.0,
        "MALICIOUS": 0.0,
        "SANE": 0.0,
        "VALID": 0.0,
        "total": 100.0
    }
}