{
    "counter": {
        "ACTIVE": 1181,
        "INACTIVE": 1,
        "INVALID": 0,
        "MALICIOUS": 0,
        "SANE": 0,
        "VALID": 0,
        "total": 1182
    },
    "percentage": {
        "ACTIVE": 99.91539763113367,
        "INACTIVE": 0.15060240963855423,
        "INVALID": 0,
        "MALICIOUS": 0,
        "SANE": 0,
        "VALID": 0,
        "total": 100.06600004077222
    }
}