{
    "counter": {
        "ACTIVE": 285563,
        "INACTIVE": 7,
        "INVALID": 0,
        "MALICIOUS": 0,
        "SANE": 0,
        "VALID": 0,
        "total": 285570
    },
    "percentage": {
        "ACTIVE": 99.99754876212488,
        "INACTIVE": 0.002451237875126939,
        "INVALID": 0.0,
        "MALICIOUS": 0.0,
        "SANE": 0.0,
        "VALID": 0.0,
        "total": 100.0
    }
}