{
    "counter": {
        "ACTIVE": 160301,
        "INACTIVE": 7,
        "INVALID": 0,
        "MALICIOUS": 0,
        "SANE": 0,
        "VALID": 0,
        "total": 160308
    },
    "percentage": {
        "ACTIVE": 99.99563340569404,
        "INACTIVE": 0.004366594305961025,
        "INVALID": 0.0,
        "MALICIOUS": 0.0,
        "SANE": 0.0,
        "VALID": 0.0,
        "total": 100.0
    }
}