{
    "counter": {
        "ACTIVE": 23597,
        "INACTIVE": 1,
        "INVALID": 0,
        "MALICIOUS": 0,
        "SANE": 0,
        "VALID": 0,
        "total": 23598
    },
    "percentage": {
        "ACTIVE": 99.99576235274176,
        "INACTIVE": 0.004237647258242224,
        "INVALID": 0.0,
        "MALICIOUS": 0.0,
        "SANE": 0.0,
        "VALID": 0.0,
        "total": 100.0
    }
}