{
    "counter": {
        "ACTIVE": 161978,
        "INACTIVE": 7,
        "INVALID": 0,
        "MALICIOUS": 0,
        "SANE": 0,
        "VALID": 0,
        "total": 161985
    },
    "percentage": {
        "ACTIVE": 99.99567861221718,
        "INACTIVE": 0.004321387782819396,
        "INVALID": 0.0,
        "MALICIOUS": 0.0,
        "SANE": 0.0,
        "VALID": 0.0,
        "total": 100.0
    }
}