{
    "counter": {
        "ACTIVE": 175610,
        "INACTIVE": 7,
        "INVALID": 0,
        "MALICIOUS": 0,
        "SANE": 0,
        "VALID": 0,
        "total": 175617
    },
    "percentage": {
        "ACTIVE": 99.9960140533092,
        "INACTIVE": 0.0039859466908101155,
        "INVALID": 0.0,
        "MALICIOUS": 0.0,
        "SANE": 0.0,
        "VALID": 0.0,
        "total": 100.0
    }
}