{
    "counter": {
        "ACTIVE": 313108,
        "INACTIVE": 7,
        "INVALID": 0,
        "MALICIOUS": 0,
        "SANE": 0,
        "VALID": 0,
        "total": 313115
    },
    "percentage": {
        "ACTIVE": 99.99776439966146,
        "INACTIVE": 0.0022356003385337656,
        "INVALID": 0.0,
        "MALICIOUS": 0.0,
        "SANE": 0.0,
        "VALID": 0.0,
        "total": 100.0
    }
}