{
    "counter": {
        "ACTIVE": 105600,
        "INACTIVE": 6,
        "INVALID": 0,
        "MALICIOUS": 0,
        "SANE": 0,
        "VALID": 0,
        "total": 105606
    },
    "percentage": {
        "ACTIVE": 99.99431850463041,
        "INACTIVE": 0.0056814953695812735,
        "INVALID": 0.0,
        "MALICIOUS": 0.0,
        "SANE": 0.0,
        "VALID": 0.0,
        "total": 100.0
    }
}