{
    "counter": {
        "ACTIVE": 388684,
        "INACTIVE": 7,
        "INVALID": 0,
        "MALICIOUS": 0,
        "SANE": 0,
        "VALID": 0,
        "total": 388691
    },
    "percentage": {
        "ACTIVE": 99.99819908359082,
        "INACTIVE": 0.001800916409178499,
        "INVALID": 0.0,
        "MALICIOUS": 0.0,
        "SANE": 0.0,
        "VALID": 0.0,
        "total": 100.0
    }
}