{
    "counter": {
        "ACTIVE": 352536,
        "INACTIVE": 7,
        "INVALID": 0,
        "MALICIOUS": 0,
        "SANE": 0,
        "VALID": 0,
        "total": 352543
    },
    "percentage": {
        "ACTIVE": 99.99801442660895,
        "INACTIVE": 0.0019855733910473334,
        "INVALID": 0.0,
        "MALICIOUS": 0.0,
        "SANE": 0.0,
        "VALID": 0.0,
        "total": 100.0
    }
}