{
    "counter": {
        "ACTIVE": 240603,
        "INACTIVE": 7,
        "INVALID": 0,
        "MALICIOUS": 0,
        "SANE": 0,
        "VALID": 0,
        "total": 240610
    },
    "percentage": {
        "ACTIVE": 99.99709072773368,
        "INACTIVE": 0.0029092722663230956,
        "INVALID": 0.0,
        "MALICIOUS": 0.0,
        "SANE": 0.0,
        "VALID": 0.0,
        "total": 100.0
    }
}