{
    "counter": {
        "ACTIVE": 204265,
        "INACTIVE": 8,
        "INVALID": 0,
        "MALICIOUS": 0,
        "SANE": 0,
        "VALID": 0,
        "total": 204273
    },
    "percentage": {
        "ACTIVE": 99.99608367234045,
        "INACTIVE": 0.003916327659553636,
        "INVALID": 0.0,
        "MALICIOUS": 0.0,
        "SANE": 0.0,
        "VALID": 0.0,
        "total": 100.0
    }
}