{
    "counter": {
        "ACTIVE": 338878,
        "INACTIVE": 7,
        "INVALID": 0,
        "MALICIOUS": 0,
        "SANE": 0,
        "VALID": 0,
        "total": 338885
    },
    "percentage": {
        "ACTIVE": 99.99793440252593,
        "INACTIVE": 0.0020655974740693746,
        "INVALID": 0.0,
        "MALICIOUS": 0.0,
        "SANE": 0.0,
        "VALID": 0.0,
        "total": 100.0
    }
}