{
    "counter": {
        "ACTIVE": 315170,
        "INACTIVE": 7,
        "INVALID": 0,
        "MALICIOUS": 0,
        "SANE": 0,
        "VALID": 0,
        "total": 315177
    },
    "percentage": {
        "ACTIVE": 99.99777902575379,
        "INACTIVE": 0.0022209742462172047,
        "INVALID": 0.0,
        "MALICIOUS": 0.0,
        "SANE": 0.0,
        "VALID": 0.0,
        "total": 100.0
    }
}