{
    "counter": {
        "ACTIVE": 453505,
        "INACTIVE": 7,
        "INVALID": 0,
        "MALICIOUS": 0,
        "SANE": 0,
        "VALID": 0,
        "total": 453512
    },
    "percentage": {
        "ACTIVE": 99.9984564906772,
        "INACTIVE": 0.0015435093227963096,
        "INVALID": 0.0,
        "MALICIOUS": 0.0,
        "SANE": 0.0,
        "VALID": 0.0,
        "total": 100.0
    }
}