{
    "counter": {
        "ACTIVE": 156180,
        "INACTIVE": 7,
        "INVALID": 0,
        "MALICIOUS": 0,
        "SANE": 0,
        "VALID": 0,
        "total": 156187
    },
    "percentage": {
        "ACTIVE": 99.99551819293539,
        "INACTIVE": 0.0044818070646084505,
        "INVALID": 0.0,
        "MALICIOUS": 0.0,
        "SANE": 0.0,
        "VALID": 0.0,
        "total": 100.0
    }
}