{
    "counter": {
        "ACTIVE": 249634,
        "INACTIVE": 7,
        "INVALID": 0,
        "MALICIOUS": 0,
        "SANE": 0,
        "VALID": 0,
        "total": 249641
    },
    "percentage": {
        "ACTIVE": 99.99719597341783,
        "INACTIVE": 0.002804026582171999,
        "INVALID": 0.0,
        "MALICIOUS": 0.0,
        "SANE": 0.0,
        "VALID": 0.0,
        "total": 100.0
    }
}