{
    "counter": {
        "ACTIVE": 307332,
        "INACTIVE": 7,
        "INVALID": 0,
        "MALICIOUS": 0,
        "SANE": 0,
        "VALID": 0,
        "total": 307339
    },
    "percentage": {
        "ACTIVE": 99.99772238472826,
        "INACTIVE": 0.002277615271735771,
        "INVALID": 0.0,
        "MALICIOUS": 0.0,
        "SANE": 0.0,
        "VALID": 0.0,
        "total": 100.0
    }
}