{
    "counter": {
        "ACTIVE": 152628,
        "INACTIVE": 7,
        "INVALID": 0,
        "MALICIOUS": 0,
        "SANE": 0,
        "VALID": 0,
        "total": 152635
    },
    "percentage": {
        "ACTIVE": 99.99541389589544,
        "INACTIVE": 0.004586104104563174,
        "INVALID": 0.0,
        "MALICIOUS": 0.0,
        "SANE": 0.0,
        "VALID": 0.0,
        "total": 100.0
    }
}