{
    "counter": {
        "ACTIVE": 262475,
        "INACTIVE": 7,
        "INVALID": 0,
        "MALICIOUS": 0,
        "SANE": 0,
        "VALID": 0,
        "total": 262482
    },
    "percentage": {
        "ACTIVE": 99.99733315046365,
        "INACTIVE": 0.0026668495363491593,
        "INVALID": 0.0,
        "MALICIOUS": 0.0,
        "SANE": 0.0,
        "VALID": 0.0,
        "total": 100.0
    }
}