{
    "counter": {
        "ACTIVE": 361206,
        "INACTIVE": 7,
        "INVALID": 0,
        "MALICIOUS": 0,
        "SANE": 0,
        "VALID": 0,
        "total": 361213
    },
    "percentage": {
        "ACTIVE": 99.99806208525163,
        "INACTIVE": 0.00193791474836177,
        "INVALID": 0.0,
        "MALICIOUS": 0.0,
        "SANE": 0.0,
        "VALID": 0.0,
        "total": 100.0
    }
}