{
    "counter": {
        "ACTIVE": 178114,
        "INACTIVE": 7,
        "INVALID": 0,
        "MALICIOUS": 0,
        "SANE": 0,
        "VALID": 0,
        "total": 178121
    },
    "percentage": {
        "ACTIVE": 99.99607008718792,
        "INACTIVE": 0.003929912812077183,
        "INVALID": 0.0,
        "MALICIOUS": 0.0,
        "SANE": 0.0,
        "VALID": 0.0,
        "total": 100.0
    }
}