{
    "counter": {
        "ACTIVE": 132691,
        "INACTIVE": 7,
        "INVALID": 0,
        "MALICIOUS": 0,
        "SANE": 0,
        "VALID": 0,
        "total": 132698
    },
    "percentage": {
        "ACTIVE": 99.99472486397686,
        "INACTIVE": 0.005275136023150311,
        "INVALID": 0.0,
        "MALICIOUS": 0.0,
        "SANE": 0.0,
        "VALID": 0.0,
        "total": 100.0
    }
}