{
    "counter": {
        "ACTIVE": 263106,
        "INACTIVE": 7,
        "INVALID": 0,
        "MALICIOUS": 0,
        "SANE": 0,
        "VALID": 0,
        "total": 263113
    },
    "percentage": {
        "ACTIVE": 99.99733954612657,
        "INACTIVE": 0.0026604538734308074,
        "INVALID": 0.0,
        "MALICIOUS": 0.0,
        "SANE": 0.0,
        "VALID": 0.0,
        "total": 100.0
    }
}