{
    "counter": {
        "ACTIVE": 262559,
        "INACTIVE": 7,
        "INVALID": 0,
        "MALICIOUS": 0,
        "SANE": 0,
        "VALID": 0,
        "total": 262566
    },
    "percentage": {
        "ACTIVE": 99.99733400364099,
        "INACTIVE": 0.002665996359010687,
        "INVALID": 0.0,
        "MALICIOUS": 0.0,
        "SANE": 0.0,
        "VALID": 0.0,
        "total": 100.0
    }
}