{
    "counter": {
        "ACTIVE": 1165,
        "INACTIVE": 1,
        "INVALID": 0,
        "MALICIOUS": 0,
        "SANE": 0,
        "VALID": 0,
        "total": 1166
    },
    "percentage": {
        "ACTIVE": 99.91423670668954,
        "INACTIVE": 0.111358574610245,
        "INVALID": 0,
        "MALICIOUS": 0,
        "SANE": 0,
        "VALID": 0,
        "total": 100.02559528129979
    }
}