{
    "counter": {
        "ACTIVE": 311108,
        "INACTIVE": 7,
        "INVALID": 0,
        "MALICIOUS": 0,
        "SANE": 0,
        "VALID": 0,
        "total": 311115
    },
    "percentage": {
        "ACTIVE": 99.99775002812464,
        "INACTIVE": 0.002249971875351558,
        "INVALID": 0.0,
        "MALICIOUS": 0.0,
        "SANE": 0.0,
        "VALID": 0.0,
        "total": 100.0
    }
}