{
    "counter": {
        "ACTIVE": 672,
        "INACTIVE": 1,
        "INVALID": 0,
        "MALICIOUS": 0,
        "SANE": 0,
        "VALID": 0,
        "total": 673
    },
    "percentage": {
        "ACTIVE": 99.85141158989599,
        "INACTIVE": 0.15060240963855423,
        "INVALID": 0,
        "MALICIOUS": 0,
        "SANE": 0,
        "VALID": 0,
        "total": 100.00201399953454
    }
}