{
    "counter": {
        "ACTIVE": 176755,
        "INACTIVE": 7,
        "INVALID": 0,
        "MALICIOUS": 0,
        "SANE": 0,
        "VALID": 0,
        "total": 176762
    },
    "percentage": {
        "ACTIVE": 99.99603987282335,
        "INACTIVE": 0.003960127176655616,
        "INVALID": 0.0,
        "MALICIOUS": 0.0,
        "SANE": 0.0,
        "VALID": 0.0,
        "total": 100.0
    }
}