{
    "counter": {
        "ACTIVE": 142550,
        "INACTIVE": 7,
        "INVALID": 0,
        "MALICIOUS": 0,
        "SANE": 0,
        "VALID": 0,
        "total": 142557
    },
    "percentage": {
        "ACTIVE": 99.99508968342488,
        "INACTIVE": 0.004910316575124336,
        "INVALID": 0.0,
        "MALICIOUS": 0.0,
        "SANE": 0.0,
        "VALID": 0.0,
        "total": 100.0
    }
}