{
    "counter": {
        "ACTIVE": 380666,
        "INACTIVE": 7,
        "INVALID": 0,
        "MALICIOUS": 0,
        "SANE": 0,
        "VALID": 0,
        "total": 380673
    },
    "percentage": {
        "ACTIVE": 99.99816115143443,
        "INACTIVE": 0.0018388485655667726,
        "INVALID": 0.0,
        "MALICIOUS": 0.0,
        "SANE": 0.0,
        "VALID": 0.0,
        "total": 100.0
    }
}