{
    "counter": {
        "ACTIVE": 850,
        "INACTIVE": 1,
        "INVALID": 0,
        "MALICIOUS": 0,
        "SANE": 0,
        "VALID": 0,
        "total": 851
    },
    "percentage": {
        "ACTIVE": 99.88249118683902,
        "INACTIVE": 0.45045045045045046,
        "INVALID": 0,
        "MALICIOUS": 0,
        "SANE": 0,
        "VALID": 0,
        "total": 100.33294163728947
    }
}