{
    "counter": {
        "ACTIVE": 724,
        "INACTIVE": 1,
        "INVALID": 0,
        "MALICIOUS": 0,
        "SANE": 0,
        "VALID": 0,
        "total": 725
    },
    "percentage": {
        "ACTIVE": 99.86206896551724,
        "INACTIVE": 0.3597122302158273,
        "INVALID": 0,
        "MALICIOUS": 0,
        "SANE": 0,
        "VALID": 0,
        "total": 100.22178119573307
    }
}