{
    "counter": {
        "ACTIVE": 328199,
        "INACTIVE": 7,
        "INVALID": 0,
        "MALICIOUS": 0,
        "SANE": 0,
        "VALID": 0,
        "total": 328206
    },
    "percentage": {
        "ACTIVE": 99.99786719316526,
        "INACTIVE": 0.0021328068347318454,
        "INVALID": 0.0,
        "MALICIOUS": 0.0,
        "SANE": 0.0,
        "VALID": 0.0,
        "total": 100.0
    }
}