{
    "counter": {
        "ACTIVE": 282763,
        "INACTIVE": 7,
        "INVALID": 0,
        "MALICIOUS": 0,
        "SANE": 0,
        "VALID": 0,
        "total": 282770
    },
    "percentage": {
        "ACTIVE": 99.99752448986808,
        "INACTIVE": 0.0024755101319093257,
        "INVALID": 0.0,
        "MALICIOUS": 0.0,
        "SANE": 0.0,
        "VALID": 0.0,
        "total": 100.0
    }
}