{
    "counter": {
        "ACTIVE": 1186,
        "INACTIVE": 1,
        "INVALID": 0,
        "MALICIOUS": 0,
        "SANE": 0,
        "VALID": 0,
        "total": 1187
    },
    "percentage": {
        "ACTIVE": 99.91575400168492,
        "INACTIVE": 0.08576329331046312,
        "INVALID": 0,
        "MALICIOUS": 0,
        "SANE": 0,
        "VALID": 0,
        "total": 100.00151729499538
    }
}