{
    "counter": {
        "ACTIVE": 268832,
        "INACTIVE": 7,
        "INVALID": 0,
        "MALICIOUS": 0,
        "SANE": 0,
        "VALID": 0,
        "total": 268839
    },
    "percentage": {
        "ACTIVE": 99.9973962111152,
        "INACTIVE": 0.002603788884797221,
        "INVALID": 0.0,
        "MALICIOUS": 0.0,
        "SANE": 0.0,
        "VALID": 0.0,
        "total": 100.0
    }
}