{
    "counter": {
        "ACTIVE": 421498,
        "INACTIVE": 7,
        "INVALID": 0,
        "MALICIOUS": 0,
        "SANE": 0,
        "VALID": 0,
        "total": 421505
    },
    "percentage": {
        "ACTIVE": 99.9983392842315,
        "INACTIVE": 0.0016607157684962218,
        "INVALID": 0.0,
        "MALICIOUS": 0.0,
        "SANE": 0.0,
        "VALID": 0.0,
        "total": 100.0
    }
}