{
    "counter": {
        "ACTIVE": 387893,
        "INACTIVE": 7,
        "INVALID": 0,
        "MALICIOUS": 0,
        "SANE": 0,
        "VALID": 0,
        "total": 387900
    },
    "percentage": {
        "ACTIVE": 99.99819541118845,
        "INACTIVE": 0.0018045888115493685,
        "INVALID": 0.0,
        "MALICIOUS": 0.0,
        "SANE": 0.0,
        "VALID": 0.0,
        "total": 100.0
    }
}