{
    "counter": {
        "ACTIVE": 189185,
        "INACTIVE": 7,
        "INVALID": 0,
        "MALICIOUS": 0,
        "SANE": 0,
        "VALID": 0,
        "total": 189192
    },
    "percentage": {
        "ACTIVE": 99.99630005497062,
        "INACTIVE": 0.0036999450293881348,
        "INVALID": 0.0,
        "MALICIOUS": 0.0,
        "SANE": 0.0,
        "VALID": 0.0,
        "total": 100.0
    }
}