{
    "counter": {
        "ACTIVE": 378278,
        "INACTIVE": 7,
        "INVALID": 0,
        "MALICIOUS": 0,
        "SANE": 0,
        "VALID": 0,
        "total": 378285
    },
    "percentage": {
        "ACTIVE": 99.99814954333372,
        "INACTIVE": 0.0018504566662701403,
        "INVALID": 0.0,
        "MALICIOUS": 0.0,
        "SANE": 0.0,
        "VALID": 0.0,
        "total": 100.0
    }
}