{
    "counter": {
        "ACTIVE": 671,
        "INACTIVE": 1,
        "INVALID": 0,
        "MALICIOUS": 0,
        "SANE": 0,
        "VALID": 0,
        "total": 672
    },
    "percentage": {
        "ACTIVE": 99.85119047619048,
        "INACTIVE": 0.15015015015015015,
        "INVALID": 0,
        "MALICIOUS": 0,
        "SANE": 0,
        "VALID": 0,
        "total": 100.00134062634064
    }
}