{
    "counter": {
        "ACTIVE": 158082,
        "INACTIVE": 7,
        "INVALID": 0,
        "MALICIOUS": 0,
        "SANE": 0,
        "VALID": 0,
        "total": 158089
    },
    "percentage": {
        "ACTIVE": 99.99557211444187,
        "INACTIVE": 0.004427885558134974,
        "INVALID": 0.0,
        "MALICIOUS": 0.0,
        "SANE": 0.0,
        "VALID": 0.0,
        "total": 100.0
    }
}