{
    "counter": {
        "ACTIVE": 303256,
        "INACTIVE": 7,
        "INVALID": 0,
        "MALICIOUS": 0,
        "SANE": 0,
        "VALID": 0,
        "total": 303263
    },
    "percentage": {
        "ACTIVE": 99.99769177248791,
        "INACTIVE": 0.0023082275120934635,
        "INVALID": 0.0,
        "MALICIOUS": 0.0,
        "SANE": 0.0,
        "VALID": 0.0,
        "total": 100.0
    }
}