{
    "counter": {
        "ACTIVE": 281459,
        "INACTIVE": 7,
        "INVALID": 0,
        "MALICIOUS": 0,
        "SANE": 0,
        "VALID": 0,
        "total": 281466
    },
    "percentage": {
        "ACTIVE": 99.9975130211109,
        "INACTIVE": 0.0024869788891020584,
        "INVALID": 0.0,
        "MALICIOUS": 0.0,
        "SANE": 0.0,
        "VALID": 0.0,
        "total": 100.0
    }
}