{
    "counter": {
        "ACTIVE": 253497,
        "INACTIVE": 7,
        "INVALID": 0,
        "MALICIOUS": 0,
        "SANE": 0,
        "VALID": 0,
        "total": 253504
    },
    "percentage": {
        "ACTIVE": 99.99723870234789,
        "INACTIVE": 0.0027612976521080536,
        "INVALID": 0.0,
        "MALICIOUS": 0.0,
        "SANE": 0.0,
        "VALID": 0.0,
        "total": 100.0
    }
}