{
    "counter": {
        "ACTIVE": 157841,
        "INACTIVE": 7,
        "INVALID": 0,
        "MALICIOUS": 0,
        "SANE": 0,
        "VALID": 0,
        "total": 157848
    },
    "percentage": {
        "ACTIVE": 99.99556535401146,
        "INACTIVE": 0.004434645988545943,
        "INVALID": 0.0,
        "MALICIOUS": 0.0,
        "SANE": 0.0,
        "VALID": 0.0,
        "total": 100.0
    }
}