{
    "counter": {
        "ACTIVE": 725,
        "INACTIVE": 2,
        "INVALID": 0,
        "MALICIOUS": 0,
        "SANE": 0,
        "VALID": 0,
        "total": 727
    },
    "percentage": {
        "ACTIVE": 99.72489683631362,
        "INACTIVE": 0.7518796992481203,
        "INVALID": 0,
        "MALICIOUS": 0,
        "SANE": 0,
        "VALID": 0,
        "total": 100.47677653556174
    }
}