{
    "counter": {
        "ACTIVE": 1177,
        "INACTIVE": 1,
        "INVALID": 0,
        "MALICIOUS": 0,
        "SANE": 0,
        "VALID": 0,
        "total": 1178
    },
    "percentage": {
        "ACTIVE": 99.9151103565365,
        "INACTIVE": 0.14124293785310735,
        "INVALID": 0,
        "MALICIOUS": 0,
        "SANE": 0,
        "VALID": 0,
        "total": 100.05635329438961
    }
}