{
    "counter": {
        "ACTIVE": 798,
        "INACTIVE": 1,
        "INVALID": 0,
        "MALICIOUS": 0,
        "SANE": 0,
        "VALID": 0,
        "total": 799
    },
    "percentage": {
        "ACTIVE": 99.87484355444306,
        "INACTIVE": 0.3787878787878788,
        "INVALID": 0,
        "MALICIOUS": 0,
        "SANE": 0,
        "VALID": 0,
        "total": 100.25363143323094
    }
}