{
    "counter": {
        "ACTIVE": 250475,
        "INACTIVE": 7,
        "INVALID": 0,
        "MALICIOUS": 0,
        "SANE": 0,
        "VALID": 0,
        "total": 250482
    },
    "percentage": {
        "ACTIVE": 99.9972053880119,
        "INACTIVE": 0.0027946119880869684,
        "INVALID": 0.0,
        "MALICIOUS": 0.0,
        "SANE": 0.0,
        "VALID": 0.0,
        "total": 100.0
    }
}