{
    "counter": {
        "ACTIVE": 266300,
        "INACTIVE": 7,
        "INVALID": 0,
        "MALICIOUS": 0,
        "SANE": 0,
        "VALID": 0,
        "total": 266307
    },
    "percentage": {
        "ACTIVE": 99.9973714547496,
        "INACTIVE": 0.002628545250406486,
        "INVALID": 0.0,
        "MALICIOUS": 0.0,
        "SANE": 0.0,
        "VALID": 0.0,
        "total": 100.0
    }
}