{
    "counter": {
        "ACTIVE": 293117,
        "INACTIVE": 7,
        "INVALID": 0,
        "MALICIOUS": 0,
        "SANE": 0,
        "VALID": 0,
        "total": 293124
    },
    "percentage": {
        "ACTIVE": 99.99761193215159,
        "INACTIVE": 0.002388067848419099,
        "INVALID": 0.0,
        "MALICIOUS": 0.0,
        "SANE": 0.0,
        "VALID": 0.0,
        "total": 100.0
    }
}