{
    "counter": {
        "ACTIVE": 216258,
        "INACTIVE": 7,
        "INVALID": 0,
        "MALICIOUS": 0,
        "SANE": 0,
        "VALID": 0,
        "total": 216265
    },
    "percentage": {
        "ACTIVE": 99.99676323029617,
        "INACTIVE": 0.0032367697038355723,
        "INVALID": 0.0,
        "MALICIOUS": 0.0,
        "SANE": 0.0,
        "VALID": 0.0,
        "total": 100.0
    }
}