{
    "counter": {
        "ACTIVE": 382010,
        "INACTIVE": 7,
        "INVALID": 0,
        "MALICIOUS": 0,
        "SANE": 0,
        "VALID": 0,
        "total": 382017
    },
    "percentage": {
        "ACTIVE": 99.99816762081268,
        "INACTIVE": 0.0018323791873136536,
        "INVALID": 0.0,
        "MALICIOUS": 0.0,
        "SANE": 0.0,
        "VALID": 0.0,
        "total": 100.0
    }
}