{
    "counter": {
        "ACTIVE": 1055,
        "INACTIVE": 2,
        "INVALID": 0,
        "MALICIOUS": 0,
        "SANE": 0,
        "VALID": 0,
        "total": 1057
    },
    "percentage": {
        "ACTIVE": 99.81078524124882,
        "INACTIVE": 0.2820874471086037,
        "INVALID": 0,
        "MALICIOUS": 0,
        "SANE": 0,
        "VALID": 0,
        "total": 100.09287268835743
    }
}