{
    "counter": {
        "ACTIVE": 190017,
        "INACTIVE": 8,
        "INVALID": 0,
        "MALICIOUS": 0,
        "SANE": 0,
        "VALID": 0,
        "total": 190025
    },
    "percentage": {
        "ACTIVE": 99.99579002762795,
        "INACTIVE": 0.004209972372056309,
        "INVALID": 0.0,
        "MALICIOUS": 0.0,
        "SANE": 0.0,
        "VALID": 0.0,
        "total": 100.0
    }
}