{
    "counter": {
        "ACTIVE": 52331,
        "INACTIVE": 3,
        "INVALID": 0,
        "MALICIOUS": 0,
        "SANE": 0,
        "VALID": 0,
        "total": 52334
    },
    "percentage": {
        "ACTIVE": 99.9942675889479,
        "INACTIVE": 0.005732411052088509,
        "INVALID": 0.0,
        "MALICIOUS": 0.0,
        "SANE": 0.0,
        "VALID": 0.0,
        "total": 100.0
    }
}