{
    "counter": {
        "ACTIVE": 205508,
        "INACTIVE": 8,
        "INVALID": 0,
        "MALICIOUS": 0,
        "SANE": 0,
        "VALID": 0,
        "total": 205516
    },
    "percentage": {
        "ACTIVE": 99.99610735903774,
        "INACTIVE": 0.003892640962260846,
        "INVALID": 0.0,
        "MALICIOUS": 0.0,
        "SANE": 0.0,
        "VALID": 0.0,
        "total": 100.0
    }
}