{
    "counter": {
        "ACTIVE": 115548,
        "INACTIVE": 7,
        "INVALID": 0,
        "MALICIOUS": 0,
        "SANE": 0,
        "VALID": 0,
        "total": 115555
    },
    "percentage": {
        "ACTIVE": 99.99394227856865,
        "INACTIVE": 0.006057721431353035,
        "INVALID": 0.0,
        "MALICIOUS": 0.0,
        "SANE": 0.0,
        "VALID": 0.0,
        "total": 100.0
    }
}