{
    "counter": {
        "ACTIVE": 198321,
        "INACTIVE": 8,
        "INVALID": 0,
        "MALICIOUS": 0,
        "SANE": 0,
        "VALID": 0,
        "total": 198329
    },
    "percentage": {
        "ACTIVE": 99.99596629842333,
        "INACTIVE": 0.004033701576673104,
        "INVALID": 0.0,
        "MALICIOUS": 0.0,
        "SANE": 0.0,
        "VALID": 0.0,
        "total": 100.0
    }
}