{
    "counter": {
        "ACTIVE": 740,
        "INACTIVE": 1,
        "INVALID": 0,
        "MALICIOUS": 0,
        "SANE": 0,
        "VALID": 0,
        "total": 741
    },
    "percentage": {
        "ACTIVE": 99.86504723346829,
        "INACTIVE": 0.13908205841446453,
        "INVALID": 0,
        "MALICIOUS": 0,
        "SANE": 0,
        "VALID": 0,
        "total": 100.00412929188275
    }
}