{
    "counter": {
        "ACTIVE": 348867,
        "INACTIVE": 7,
        "INVALID": 0,
        "MALICIOUS": 0,
        "SANE": 0,
        "VALID": 0,
        "total": 348874
    },
    "percentage": {
        "ACTIVE": 99.99799354494746,
        "INACTIVE": 0.002006455052540459,
        "INVALID": 0.0,
        "MALICIOUS": 0.0,
        "SANE": 0.0,
        "VALID": 0.0,
        "total": 100.0
    }
}