{
    "counter": {
        "ACTIVE": 125301,
        "INACTIVE": 7,
        "INVALID": 0,
        "MALICIOUS": 0,
        "SANE": 0,
        "VALID": 0,
        "total": 125308
    },
    "percentage": {
        "ACTIVE": 99.9944137644843,
        "INACTIVE": 0.005586235515689341,
        "INVALID": 0.0,
        "MALICIOUS": 0.0,
        "SANE": 0.0,
        "VALID": 0.0,
        "total": 100.0
    }
}