{
    "counter": {
        "ACTIVE": 1097,
        "INACTIVE": 3,
        "INVALID": 0,
        "MALICIOUS": 0,
        "SANE": 0,
        "VALID": 0,
        "total": 1100
    },
    "percentage": {
        "ACTIVE": 99.72727272727273,
        "INACTIVE": 0.3389830508474576,
        "INVALID": 0,
        "MALICIOUS": 0,
        "SANE": 0,
        "VALID": 0,
        "total": 100.0662557781202
    }
}