{
    "counter": {
        "ACTIVE": 398877,
        "INACTIVE": 7,
        "INVALID": 0,
        "MALICIOUS": 0,
        "SANE": 0,
        "VALID": 0,
        "total": 398884
    },
    "percentage": {
        "ACTIVE": 99.99824510383971,
        "INACTIVE": 0.0017548961602872012,
        "INVALID": 0.0,
        "MALICIOUS": 0.0,
        "SANE": 0.0,
        "VALID": 0.0,
        "total": 100.0
    }
}