{
    "counter": {
        "ACTIVE": 357297,
        "INACTIVE": 7,
        "INVALID": 0,
        "MALICIOUS": 0,
        "SANE": 0,
        "VALID": 0,
        "total": 357304
    },
    "percentage": {
        "ACTIVE": 99.99804088395317,
        "INACTIVE": 0.001959116046839666,
        "INVALID": 0.0,
        "MALICIOUS": 0.0,
        "SANE": 0.0,
        "VALID": 0.0,
        "total": 100.0
    }
}