{
    "counter": {
        "ACTIVE": 1283,
        "INACTIVE": 1,
        "INVALID": 0,
        "MALICIOUS": 0,
        "SANE": 0,
        "VALID": 0,
        "total": 1284
    },
    "percentage": {
        "ACTIVE": 99.9221183800623,
        "INACTIVE": 0.0794912559618442,
        "INVALID": 0,
        "MALICIOUS": 0,
        "SANE": 0,
        "VALID": 0,
        "total": 100.00160963602414
    }
}