{
    "counter": {
        "ACTIVE": 288670,
        "INACTIVE": 7,
        "INVALID": 0,
        "MALICIOUS": 0,
        "SANE": 0,
        "VALID": 0,
        "total": 288677
    },
    "percentage": {
        "ACTIVE": 99.9975751445387,
        "INACTIVE": 0.0024248554612941106,
        "INVALID": 0.0,
        "MALICIOUS": 0.0,
        "SANE": 0.0,
        "VALID": 0.0,
        "total": 100.0
    }
}