{
    "counter": {
        "ACTIVE": 1182,
        "INACTIVE": 1,
        "INVALID": 0,
        "MALICIOUS": 0,
        "SANE": 0,
        "VALID": 0,
        "total": 1183
    },
    "percentage": {
        "ACTIVE": 99.91546914623838,
        "INACTIVE": 0.20920502092050208,
        "INVALID": 0,
        "MALICIOUS": 0,
        "SANE": 0,
        "VALID": 0,
        "total": 100.12467416715889
    }
}