{
    "counter": {
        "ACTIVE": 292191,
        "INACTIVE": 7,
        "INVALID": 0,
        "MALICIOUS": 0,
        "SANE": 0,
        "VALID": 0,
        "total": 292198
    },
    "percentage": {
        "ACTIVE": 99.99760436416402,
        "INACTIVE": 0.0023956358359742366,
        "INVALID": 0.0,
        "MALICIOUS": 0.0,
        "SANE": 0.0,
        "VALID": 0.0,
        "total": 100.0
    }
}