{
    "counter": {
        "ACTIVE": 323669,
        "INACTIVE": 7,
        "INVALID": 0,
        "MALICIOUS": 0,
        "SANE": 0,
        "VALID": 0,
        "total": 323676
    },
    "percentage": {
        "ACTIVE": 99.99783734351635,
        "INACTIVE": 0.002162656483644138,
        "INVALID": 0.0,
        "MALICIOUS": 0.0,
        "SANE": 0.0,
        "VALID": 0.0,
        "total": 100.0
    }
}