{
    "counter": {
        "ACTIVE": 1320,
        "INACTIVE": 1,
        "INVALID": 0,
        "MALICIOUS": 0,
        "SANE": 0,
        "VALID": 0,
        "total": 1321
    },
    "percentage": {
        "ACTIVE": 99.92429977289932,
        "INACTIVE": 0.11160714285714286,
        "INVALID": 0,
        "MALICIOUS": 0,
        "SANE": 0,
        "VALID": 0,
        "total": 100.03590691575646
    }
}