{
    "counter": {
        "ACTIVE": 108234,
        "INACTIVE": 6,
        "INVALID": 0,
        "MALICIOUS": 0,
        "SANE": 0,
        "VALID": 0,
        "total": 108240
    },
    "percentage": {
        "ACTIVE": 99.99445676274945,
        "INACTIVE": 0.005543237250554324,
        "INVALID": 0.0,
        "MALICIOUS": 0.0,
        "SANE": 0.0,
        "VALID": 0.0,
        "total": 100.0
    }
}