{
    "counter": {
        "ACTIVE": 321248,
        "INACTIVE": 7,
        "INVALID": 0,
        "MALICIOUS": 0,
        "SANE": 0,
        "VALID": 0,
        "total": 321255
    },
    "percentage": {
        "ACTIVE": 99.99782104558683,
        "INACTIVE": 0.0021789544131608847,
        "INVALID": 0.0,
        "MALICIOUS": 0.0,
        "SANE": 0.0,
        "VALID": 0.0,
        "total": 100.0
    }
}