{
    "counter": {
        "ACTIVE": 298642,
        "INACTIVE": 7,
        "INVALID": 0,
        "MALICIOUS": 0,
        "SANE": 0,
        "VALID": 0,
        "total": 298649
    },
    "percentage": {
        "ACTIVE": 99.9976561113548,
        "INACTIVE": 0.002343888645198879,
        "INVALID": 0.0,
        "MALICIOUS": 0.0,
        "SANE": 0.0,
        "VALID": 0.0,
        "total": 100.0
    }
}