{
    "counter": {
        "ACTIVE": 310859,
        "INACTIVE": 7,
        "INVALID": 0,
        "MALICIOUS": 0,
        "SANE": 0,
        "VALID": 0,
        "total": 310866
    },
    "percentage": {
        "ACTIVE": 99.99774822592371,
        "INACTIVE": 0.0022517740762901055,
        "INVALID": 0.0,
        "MALICIOUS": 0.0,
        "SANE": 0.0,
        "VALID": 0.0,
        "total": 100.0
    }
}