{
    "counter": {
        "ACTIVE": 181707,
        "INACTIVE": 7,
        "INVALID": 0,
        "MALICIOUS": 0,
        "SANE": 0,
        "VALID": 0,
        "total": 181714
    },
    "percentage": {
        "ACTIVE": 99.9961477926852,
        "INACTIVE": 0.0038522073147913755,
        "INVALID": 0.0,
        "MALICIOUS": 0.0,
        "SANE": 0.0,
        "VALID": 0.0,
        "total": 100.0
    }
}