{
    "counter": {
        "ACTIVE": 366796,
        "INACTIVE": 7,
        "INVALID": 0,
        "MALICIOUS": 0,
        "SANE": 0,
        "VALID": 0,
        "total": 366803
    },
    "percentage": {
        "ACTIVE": 99.99809161866179,
        "INACTIVE": 0.0019083813382115196,
        "INVALID": 0.0,
        "MALICIOUS": 0.0,
        "SANE": 0.0,
        "VALID": 0.0,
        "total": 100.0
    }
}