{
    "counter": {
        "ACTIVE": 346613,
        "INACTIVE": 7,
        "INVALID": 0,
        "MALICIOUS": 0,
        "SANE": 0,
        "VALID": 0,
        "total": 346620
    },
    "percentage": {
        "ACTIVE": 99.99798049737464,
        "INACTIVE": 0.002019502625353413,
        "INVALID": 0.0,
        "MALICIOUS": 0.0,
        "SANE": 0.0,
        "VALID": 0.0,
        "total": 100.0
    }
}