{
    "counter": {
        "ACTIVE": 94115,
        "INACTIVE": 4,
        "INVALID": 0,
        "MALICIOUS": 0,
        "SANE": 0,
        "VALID": 0,
        "total": 94119
    },
    "percentage": {
        "ACTIVE": 99.99575006109288,
        "INACTIVE": 0.00424993890712821,
        "INVALID": 0.0,
        "MALICIOUS": 0.0,
        "SANE": 0.0,
        "VALID": 0.0,
        "total": 100.0
    }
}