{
    "counter": {
        "ACTIVE": 341293,
        "INACTIVE": 7,
        "INVALID": 0,
        "MALICIOUS": 0,
        "SANE": 0,
        "VALID": 0,
        "total": 341300
    },
    "percentage": {
        "ACTIVE": 99.99794901845884,
        "INACTIVE": 0.0020509815411661296,
        "INVALID": 0.0,
        "MALICIOUS": 0.0,
        "SANE": 0.0,
        "VALID": 0.0,
        "total": 100.0
    }
}