{
    "counter": {
        "ACTIVE": 243100,
        "INACTIVE": 7,
        "INVALID": 0,
        "MALICIOUS": 0,
        "SANE": 0,
        "VALID": 0,
        "total": 243107
    },
    "percentage": {
        "ACTIVE": 99.99712060944358,
        "INACTIVE": 0.0028793905564216578,
        "INVALID": 0.0,
        "MALICIOUS": 0.0,
        "SANE": 0.0,
        "VALID": 0.0,
        "total": 100.0
    }
}