{
    "counter": {
        "ACTIVE": 764,
        "INACTIVE": 2,
        "INVALID": 0,
        "MALICIOUS": 0,
        "SANE": 0,
        "VALID": 0,
        "total": 766
    },
    "percentage": {
        "ACTIVE": 99.73890339425587,
        "INACTIVE": 0.322061191626409,
        "INVALID": 0,
        "MALICIOUS": 0,
        "SANE": 0,
        "VALID": 0,
        "total": 100.06096458588227
    }
}