{
    "counter": {
        "ACTIVE": 312868,
        "INACTIVE": 7,
        "INVALID": 0,
        "MALICIOUS": 0,
        "SANE": 0,
        "VALID": 0,
        "total": 312875
    },
    "percentage": {
        "ACTIVE": 99.99776268477827,
        "INACTIVE": 0.002237315221733919,
        "INVALID": 0.0,
        "MALICIOUS": 0.0,
        "SANE": 0.0,
        "VALID": 0.0,
        "total": 100.0
    }
}