{
    "counter": {
        "ACTIVE": 1299,
        "INACTIVE": 15,
        "INVALID": 0,
        "MALICIOUS": 0,
        "SANE": 0,
        "VALID": 0,
        "total": 1314
    },
    "percentage": {
        "ACTIVE": 98.85844748858447,
        "INACTIVE": 2.170767004341534,
        "INVALID": 0,
        "MALICIOUS": 0,
        "SANE": 0,
        "VALID": 0,
        "total": 101.029214492926
    }
}