{
    "counter": {
        "ACTIVE": 444590,
        "INACTIVE": 7,
        "INVALID": 0,
        "MALICIOUS": 0,
        "SANE": 0,
        "VALID": 0,
        "total": 444597
    },
    "percentage": {
        "ACTIVE": 99.99842554043325,
        "INACTIVE": 0.0015744595667537117,
        "INVALID": 0.0,
        "MALICIOUS": 0.0,
        "SANE": 0.0,
        "VALID": 0.0,
        "total": 100.0
    }
}