{
    "counter": {
        "ACTIVE": 114727,
        "INACTIVE": 7,
        "INVALID": 0,
        "MALICIOUS": 0,
        "SANE": 0,
        "VALID": 0,
        "total": 114734
    },
    "percentage": {
        "ACTIVE": 99.99389893144142,
        "INACTIVE": 0.006101068558578974,
        "INVALID": 0.0,
        "MALICIOUS": 0.0,
        "SANE": 0.0,
        "VALID": 0.0,
        "total": 100.0
    }
}