{
    "counter": {
        "ACTIVE": 226857,
        "INACTIVE": 7,
        "INVALID": 0,
        "MALICIOUS": 0,
        "SANE": 0,
        "VALID": 0,
        "total": 226864
    },
    "percentage": {
        "ACTIVE": 99.99691445094858,
        "INACTIVE": 0.003085549051414063,
        "INVALID": 0.0,
        "MALICIOUS": 0.0,
        "SANE": 0.0,
        "VALID": 0.0,
        "total": 100.0
    }
}