{
    "counter": {
        "ACTIVE": 1345,
        "INACTIVE": 4,
        "INVALID": 0,
        "MALICIOUS": 0,
        "SANE": 0,
        "VALID": 0,
        "total": 1349
    },
    "percentage": {
        "ACTIVE": 99.70348406226834,
        "INACTIVE": 0.37453183520599254,
        "INVALID": 0,
        "MALICIOUS": 0,
        "SANE": 0,
        "VALID": 0,
        "total": 100.07801589747433
    }
}