{
    "counter": {
        "ACTIVE": 361856,
        "INACTIVE": 7,
        "INVALID": 0,
        "MALICIOUS": 0,
        "SANE": 0,
        "VALID": 0,
        "total": 361863
    },
    "percentage": {
        "ACTIVE": 99.9980655662502,
        "INACTIVE": 0.0019344337497892849,
        "INVALID": 0.0,
        "MALICIOUS": 0.0,
        "SANE": 0.0,
        "VALID": 0.0,
        "total": 100.0
    }
}