{
    "counter": {
        "ACTIVE": 238509,
        "INACTIVE": 7,
        "INVALID": 0,
        "MALICIOUS": 0,
        "SANE": 0,
        "VALID": 0,
        "total": 238516
    },
    "percentage": {
        "ACTIVE": 99.9970651864026,
        "INACTIVE": 0.0029348135974106558,
        "INVALID": 0.0,
        "MALICIOUS": 0.0,
        "SANE": 0.0,
        "VALID": 0.0,
        "total": 100.0
    }
}