{
    "counter": {
        "ACTIVE": 203922,
        "INACTIVE": 8,
        "INVALID": 0,
        "MALICIOUS": 0,
        "SANE": 0,
        "VALID": 0,
        "total": 203930
    },
    "percentage": {
        "ACTIVE": 99.99607708527437,
        "INACTIVE": 0.003922914725641152,
        "INVALID": 0.0,
        "MALICIOUS": 0.0,
        "SANE": 0.0,
        "VALID": 0.0,
        "total": 100.0
    }
}