{
    "counter": {
        "ACTIVE": 302070,
        "INACTIVE": 7,
        "INVALID": 0,
        "MALICIOUS": 0,
        "SANE": 0,
        "VALID": 0,
        "total": 302077
    },
    "percentage": {
        "ACTIVE": 99.99768271003751,
        "INACTIVE": 0.002317289962493007,
        "INVALID": 0.0,
        "MALICIOUS": 0.0,
        "SANE": 0.0,
        "VALID": 0.0,
        "total": 100.0
    }
}