{
    "counter": {
        "ACTIVE": 372601,
        "INACTIVE": 7,
        "INVALID": 0,
        "MALICIOUS": 0,
        "SANE": 0,
        "VALID": 0,
        "total": 372608
    },
    "percentage": {
        "ACTIVE": 99.99812135005153,
        "INACTIVE": 0.0018786499484713156,
        "INVALID": 0.0,
        "MALICIOUS": 0.0,
        "SANE": 0.0,
        "VALID": 0.0,
        "total": 100.0
    }
}