{
    "counter": {
        "ACTIVE": 1206,
        "INACTIVE": 6,
        "INVALID": 0,
        "MALICIOUS": 0,
        "SANE": 0,
        "VALID": 0,
        "total": 1212
    },
    "percentage": {
        "ACTIVE": 99.5049504950495,
        "INACTIVE": 0.8888888888888888,
        "INVALID": 0,
        "MALICIOUS": 0,
        "SANE": 0,
        "VALID": 0,
        "total": 100.39383938393838
    }
}