{
    "counter": {
        "ACTIVE": 670,
        "INACTIVE": 1,
        "INVALID": 0,
        "MALICIOUS": 0,
        "SANE": 0,
        "VALID": 0,
        "total": 671
    },
    "percentage": {
        "ACTIVE": 99.85096870342772,
        "INACTIVE": 0.15060240963855423,
        "INVALID": 0,
        "MALICIOUS": 0,
        "SANE": 0,
        "VALID": 0,
        "total": 100.00157111306628
    }
}