{
    "counter": {
        "ACTIVE": 454594,
        "INACTIVE": 7,
        "INVALID": 0,
        "MALICIOUS": 0,
        "SANE": 0,
        "VALID": 0,
        "total": 454601
    },
    "percentage": {
        "ACTIVE": 99.99846018816501,
        "INACTIVE": 0.0015398118349937637,
        "INVALID": 0.0,
        "MALICIOUS": 0.0,
        "SANE": 0.0,
        "VALID": 0.0,
        "total": 100.0
    }
}