{
    "counter": {
        "ACTIVE": 1159,
        "INACTIVE": 2,
        "INVALID": 0,
        "MALICIOUS": 0,
        "SANE": 0,
        "VALID": 0,
        "total": 1161
    },
    "percentage": {
        "ACTIVE": 99.82773471145565,
        "INACTIVE": 0.21505376344086022,
        "INVALID": 0,
        "MALICIOUS": 0,
        "SANE": 0,
        "VALID": 0,
        "total": 100.04278847489651
    }
}