{
    "counter": {
        "ACTIVE": 1275,
        "INACTIVE": 10,
        "INVALID": 0,
        "MALICIOUS": 0,
        "SANE": 0,
        "VALID": 0,
        "total": 1285
    },
    "percentage": {
        "ACTIVE": 99.22178988326849,
        "INACTIVE": 0.8554319931565441,
        "INVALID": 0,
        "MALICIOUS": 0,
        "SANE": 0,
        "VALID": 0,
        "total": 100.07722187642503
    }
}