{
    "counter": {
        "ACTIVE": 106996,
        "INACTIVE": 7,
        "INVALID": 0,
        "MALICIOUS": 0,
        "SANE": 0,
        "VALID": 0,
        "total": 107003
    },
    "percentage": {
        "ACTIVE": 99.99345812734222,
        "INACTIVE": 0.00654187265777595,
        "INVALID": 0.0,
        "MALICIOUS": 0.0,
        "SANE": 0.0,
        "VALID": 0.0,
        "total": 100.0
    }
}