{
    "counter": {
        "ACTIVE": 958,
        "INACTIVE": 1,
        "INVALID": 0,
        "MALICIOUS": 0,
        "SANE": 0,
        "VALID": 0,
        "total": 959
    },
    "percentage": {
        "ACTIVE": 99.89572471324296,
        "INACTIVE": 0.14836795252225518,
        "INVALID": 0,
        "MALICIOUS": 0,
        "SANE": 0,
        "VALID": 0,
        "total": 100.0440926657652
    }
}