{
    "counter": {
        "ACTIVE": 259090,
        "INACTIVE": 7,
        "INVALID": 0,
        "MALICIOUS": 0,
        "SANE": 0,
        "VALID": 0,
        "total": 259097
    },
    "percentage": {
        "ACTIVE": 99.99729830912747,
        "INACTIVE": 0.002701690872530365,
        "INVALID": 0.0,
        "MALICIOUS": 0.0,
        "SANE": 0.0,
        "VALID": 0.0,
        "total": 100.0
    }
}