{
    "counter": {
        "ACTIVE": 353863,
        "INACTIVE": 7,
        "INVALID": 0,
        "MALICIOUS": 0,
        "SANE": 0,
        "VALID": 0,
        "total": 353870
    },
    "percentage": {
        "ACTIVE": 99.99802187243903,
        "INACTIVE": 0.0019781275609687173,
        "INVALID": 0.0,
        "MALICIOUS": 0.0,
        "SANE": 0.0,
        "VALID": 0.0,
        "total": 100.0
    }
}