{
    "counter": {
        "ACTIVE": 682,
        "INACTIVE": 1,
        "INVALID": 0,
        "MALICIOUS": 0,
        "SANE": 0,
        "VALID": 0,
        "total": 683
    },
    "percentage": {
        "ACTIVE": 99.85358711566617,
        "INACTIVE": 0.14836795252225518,
        "INVALID": 0,
        "MALICIOUS": 0,
        "SANE": 0,
        "VALID": 0,
        "total": 100.00195506818842
    }
}