{
    "counter": {
        "ACTIVE": 103109,
        "INACTIVE": 5,
        "INVALID": 0,
        "MALICIOUS": 0,
        "SANE": 0,
        "VALID": 0,
        "total": 103114
    },
    "percentage": {
        "ACTIVE": 99.99515099792463,
        "INACTIVE": 0.004849002075372888,
        "INVALID": 0.0,
        "MALICIOUS": 0.0,
        "SANE": 0.0,
        "VALID": 0.0,
        "total": 100.0
    }
}