{
    "counter": {
        "ACTIVE": 343159,
        "INACTIVE": 7,
        "INVALID": 0,
        "MALICIOUS": 0,
        "SANE": 0,
        "VALID": 0,
        "total": 343166
    },
    "percentage": {
        "ACTIVE": 99.9979601708794,
        "INACTIVE": 0.0020398291206005256,
        "INVALID": 0.0,
        "MALICIOUS": 0.0,
        "SANE": 0.0,
        "VALID": 0.0,
        "total": 100.0
    }
}