{
    "counter": {
        "ACTIVE": 1169,
        "INACTIVE": 3,
        "INVALID": 0,
        "MALICIOUS": 0,
        "SANE": 0,
        "VALID": 0,
        "total": 1172
    },
    "percentage": {
        "ACTIVE": 99.74402730375427,
        "INACTIVE": 0.3436426116838488,
        "INVALID": 0,
        "MALICIOUS": 0,
        "SANE": 0,
        "VALID": 0,
        "total": 100.08766991543811
    }
}