{
    "counter": {
        "ACTIVE": 329194,
        "INACTIVE": 7,
        "INVALID": 0,
        "MALICIOUS": 0,
        "SANE": 0,
        "VALID": 0,
        "total": 329201
    },
    "percentage": {
        "ACTIVE": 99.997873639509,
        "INACTIVE": 0.002126360491007014,
        "INVALID": 0.0,
        "MALICIOUS": 0.0,
        "SANE": 0.0,
        "VALID": 0.0,
        "total": 100.0
    }
}