{
    "counter": {
        "ACTIVE": 730,
        "INACTIVE": 1,
        "INVALID": 0,
        "MALICIOUS": 0,
        "SANE": 0,
        "VALID": 0,
        "total": 731
    },
    "percentage": {
        "ACTIVE": 99.86320109439124,
        "INACTIVE": 0.1388888888888889,
        "INVALID": 0,
        "MALICIOUS": 0,
        "SANE": 0,
        "VALID": 0,
        "total": 100.00208998328013
    }
}