{
    "counter": {
        "ACTIVE": 438615,
        "INACTIVE": 7,
        "INVALID": 0,
        "MALICIOUS": 0,
        "SANE": 0,
        "VALID": 0,
        "total": 438622
    },
    "percentage": {
        "ACTIVE": 99.99840409281796,
        "INACTIVE": 0.0015959071820382926,
        "INVALID": 0.0,
        "MALICIOUS": 0.0,
        "SANE": 0.0,
        "VALID": 0.0,
        "total": 100.0
    }
}