{
    "counter": {
        "ACTIVE": 58347,
        "INACTIVE": 3,
        "INVALID": 0,
        "MALICIOUS": 0,
        "SANE": 0,
        "VALID": 0,
        "total": 58350
    },
    "percentage": {
        "ACTIVE": 99.9948586118252,
        "INACTIVE": 0.005141388174807198,
        "INVALID": 0.0,
        "MALICIOUS": 0.0,
        "SANE": 0.0,
        "VALID": 0.0,
        "total": 100.0
    }
}