{
    "counter": {
        "ACTIVE": 269590,
        "INACTIVE": 7,
        "INVALID": 0,
        "MALICIOUS": 0,
        "SANE": 0,
        "VALID": 0,
        "total": 269597
    },
    "percentage": {
        "ACTIVE": 99.99740353193842,
        "INACTIVE": 0.0025964680615882226,
        "INVALID": 0.0,
        "MALICIOUS": 0.0,
        "SANE": 0.0,
        "VALID": 0.0,
        "total": 100.0
    }
}