{
    "counter": {
        "ACTIVE": 1047,
        "INACTIVE": 1,
        "INVALID": 0,
        "MALICIOUS": 0,
        "SANE": 0,
        "VALID": 0,
        "total": 1048
    },
    "percentage": {
        "ACTIVE": 99.90458015267176,
        "INACTIVE": 0.10298661174047374,
        "INVALID": 0,
        "MALICIOUS": 0,
        "SANE": 0,
        "VALID": 0,
        "total": 100.00756676441223
    }
}