{
    "counter": {
        "ACTIVE": 428043,
        "INACTIVE": 7,
        "INVALID": 0,
        "MALICIOUS": 0,
        "SANE": 0,
        "VALID": 0,
        "total": 428050
    },
    "percentage": {
        "ACTIVE": 99.99836467702372,
        "INACTIVE": 0.001635322976287817,
        "INVALID": 0.0,
        "MALICIOUS": 0.0,
        "SANE": 0.0,
        "VALID": 0.0,
        "total": 100.0
    }
}