{
    "counter": {
        "ACTIVE": 382869,
        "INACTIVE": 7,
        "INVALID": 0,
        "MALICIOUS": 0,
        "SANE": 0,
        "VALID": 0,
        "total": 382876
    },
    "percentage": {
        "ACTIVE": 99.99817173184007,
        "INACTIVE": 0.0018282681599264513,
        "INVALID": 0.0,
        "MALICIOUS": 0.0,
        "SANE": 0.0,
        "VALID": 0.0,
        "total": 100.0
    }
}