{
    "counter": {
        "ACTIVE": 454984,
        "INACTIVE": 7,
        "INVALID": 0,
        "MALICIOUS": 0,
        "SANE": 0,
        "VALID": 0,
        "total": 454991
    },
    "percentage": {
        "ACTIVE": 99.99846150802983,
        "INACTIVE": 0.0015384919701708385,
        "INVALID": 0.0,
        "MALICIOUS": 0.0,
        "SANE": 0.0,
        "VALID": 0.0,
        "total": 100.0
    }
}