{
    "counter": {
        "ACTIVE": 350064,
        "INACTIVE": 7,
        "INVALID": 0,
        "MALICIOUS": 0,
        "SANE": 0,
        "VALID": 0,
        "total": 350071
    },
    "percentage": {
        "ACTIVE": 99.998000405632,
        "INACTIVE": 0.001999594367999634,
        "INVALID": 0.0,
        "MALICIOUS": 0.0,
        "SANE": 0.0,
        "VALID": 0.0,
        "total": 100.0
    }
}