{
    "counter": {
        "ACTIVE": 224664,
        "INACTIVE": 7,
        "INVALID": 0,
        "MALICIOUS": 0,
        "SANE": 0,
        "VALID": 0,
        "total": 224671
    },
    "percentage": {
        "ACTIVE": 99.9968843330915,
        "INACTIVE": 0.0031156669085017647,
        "INVALID": 0.0,
        "MALICIOUS": 0.0,
        "SANE": 0.0,
        "VALID": 0.0,
        "total": 100.0
    }
}