{
    "counter": {
        "ACTIVE": 1001,
        "INACTIVE": 1,
        "INVALID": 0,
        "MALICIOUS": 0,
        "SANE": 0,
        "VALID": 0,
        "total": 1002
    },
    "percentage": {
        "ACTIVE": 99.9001996007984,
        "INACTIVE": 0.12755102040816327,
        "INVALID": 0,
        "MALICIOUS": 0,
        "SANE": 0,
        "VALID": 0,
        "total": 100.02775062120656
    }
}