{
    "counter": {
        "ACTIVE": 184507,
        "INACTIVE": 7,
        "INVALID": 0,
        "MALICIOUS": 0,
        "SANE": 0,
        "VALID": 0,
        "total": 184514
    },
    "percentage": {
        "ACTIVE": 99.99620624993226,
        "INACTIVE": 0.003793750067745537,
        "INVALID": 0.0,
        "MALICIOUS": 0.0,
        "SANE": 0.0,
        "VALID": 0.0,
        "total": 100.0
    }
}