{
    "counter": {
        "ACTIVE": 1170,
        "INACTIVE": 2,
        "INVALID": 0,
        "MALICIOUS": 0,
        "SANE": 0,
        "VALID": 0,
        "total": 1172
    },
    "percentage": {
        "ACTIVE": 99.82935153583618,
        "INACTIVE": 0.2824858757062147,
        "INVALID": 0,
        "MALICIOUS": 0,
        "SANE": 0,
        "VALID": 0,
        "total": 100.1118374115424
    }
}