{
    "counter": {
        "ACTIVE": 77762,
        "INACTIVE": 4,
        "INVALID": 0,
        "MALICIOUS": 0,
        "SANE": 0,
        "VALID": 0,
        "total": 77766
    },
    "percentage": {
        "ACTIVE": 99.99485636396369,
        "INACTIVE": 0.005143636036314071,
        "INVALID": 0.0,
        "MALICIOUS": 0.0,
        "SANE": 0.0,
        "VALID": 0.0,
        "total": 100.0
    }
}