{
    "counter": {
        "ACTIVE": 395398,
        "INACTIVE": 7,
        "INVALID": 0,
        "MALICIOUS": 0,
        "SANE": 0,
        "VALID": 0,
        "total": 395405
    },
    "percentage": {
        "ACTIVE": 99.99822966325667,
        "INACTIVE": 0.001770336743339108,
        "INVALID": 0.0,
        "MALICIOUS": 0.0,
        "SANE": 0.0,
        "VALID": 0.0,
        "total": 100.0
    }
}