{
    "counter": {
        "ACTIVE": 398721,
        "INACTIVE": 7,
        "INVALID": 0,
        "MALICIOUS": 0,
        "SANE": 0,
        "VALID": 0,
        "total": 398728
    },
    "percentage": {
        "ACTIVE": 99.99824441724685,
        "INACTIVE": 0.001755582753155033,
        "INVALID": 0.0,
        "MALICIOUS": 0.0,
        "SANE": 0.0,
        "VALID": 0.0,
        "total": 100.0
    }
}