{
    "counter": {
        "ACTIVE": 348206,
        "INACTIVE": 7,
        "INVALID": 0,
        "MALICIOUS": 0,
        "SANE": 0,
        "VALID": 0,
        "total": 348213
    },
    "percentage": {
        "ACTIVE": 99.99798973616723,
        "INACTIVE": 0.0020102638327690234,
        "INVALID": 0.0,
        "MALICIOUS": 0.0,
        "SANE": 0.0,
        "VALID": 0.0,
        "total": 100.0
    }
}